,zip,alltransit_performance_score
0,94597,7.5
1,95220,0.7
2,93510,1.1
3,92301,3.0
4,96006,0.2
5,91301,3.1
6,91390,0.3
7,92536,0.0
8,93601,0.0
9,90045,4.7
10,94501,7.4
11,94507,1.9
12,94706,8.7
13,95410,0.5
14,95511,0.5
15,91801,7.2
16,94553,2.7
17,92656,1.5
18,95910,0.0
19,95688,0.1
20,93219,0.0
21,95923,0.5
22,90249,6.4
23,93201,0.0
24,91901,2.2
25,96120,0.0
26,95701,0.4
27,91001,5.8
28,95949,0.4
29,94941,6.2
30,96101,0.6
31,95127,7.3
32,95601,0.7
33,94503,3.2
34,95076,4.6
35,92805,4.9
36,95445,0.5
37,96007,2.0
38,95222,0.7
39,94508,0.0
40,95843,1.3
41,94509,6.6
42,92539,0.0
43,92307,2.8
44,95003,5.0
45,95076,3.4
46,95912,0.0
47,91007,6.8
48,95521,3.0
49,95864,5.7
50,93202,3.2
51,95223,0.8
52,95004,0.0
53,93420,3.2
54,90701,6.4
55,95913,0.0
56,93203,0.7
57,94578,8.7
58,93546,0.5
59,93422,2.5
60,94027,5.4
61,95301,3.2
62,93602,0.0
63,95603,2.1
64,95614,0.0
65,95205,3.3
66,90704,2.7
67,93204,1.0
68,95247,0.5
69,93424,1.1
70,91746,5.1
71,91702,7.3
72,92309,0.0
73,93301,4.4
74,91706,6.8
75,93463,0.0
76,95303,0.8
77,95914,0.1
78,92220,2.6
79,92311,4.3
80,93604,0.6
81,94565,7.3
82,95503,5.1
83,95503,2.4
84,95903,0.0
85,95340,1.0
86,95223,0.0
87,95223,0.0
88,93561,0.0
89,92223,2.5
90,96129,0.0
91,95915,0.4
92,90201,7.3
93,96003,0.4
94,91307,0.0
95,90706,7.1
96,90201,6.3
97,94002,6.1
98,94920,5.4
99,95542,0.7
100,96080,0.6
101,94510,2.5
102,95005,4.4
103,93512,0.2
104,94704,8.8
105,92203,2.9
106,95916,0.0
107,95531,2.3
108,94561,0.0
109,90210,8.2
110,96009,0.2
111,92314,2.1
112,92315,1.9
113,96011,0.4
114,93605,0.0
115,95917,0.8
116,95570,0.7
117,93513,1.0
118,92242,0.0
119,93723,0.0
120,93514,0.7
121,94506,0.3
122,93444,0.0
123,94945,2.5
124,96103,0.4
125,94952,0.5
126,92316,4.6
127,95521,0.0
128,92242,0.0
129,92225,2.6
130,94922,0.4
131,94923,0.5
132,93205,1.2
133,94924,0.9
134,92257,0.0
135,93636,0.3
136,91902,2.1
137,95060,2.0
138,92003,1.4
139,95415,0.4
140,95338,0.0
141,93516,0.5
142,93907,3.3
143,92004,0.5
144,92021,4.5
145,95006,4.1
146,91905,0.4
147,93725,0.7
148,95476,3.2
149,91008,4.0
150,93426,0.6
151,92227,0.0
152,92821,3.3
153,94513,3.7
154,95358,4.2
155,93517,0.3
156,94005,6.6
157,94015,8.3
158,95007,3.3
159,95490,0.1
160,95666,0.8
161,95321,0.5
162,95971,0.0
163,93427,1.2
164,90621,5.8
165,95640,1.0
166,91502,6.8
167,91502,8.5
168,94010,7.4
169,96013,0.5
170,95527,0.4
171,95928,1.4
172,95942,0.0
173,95965,0.3
174,93206,0.0
175,94514,0.5
176,95351,5.3
177,92230,1.8
178,91302,2.3
179,92231,0.0
180,93505,0.8
181,93207,0.0
182,96101,0.2
183,92320,2.3
184,92233,0.0
185,94515,2.5
186,93420,0.0
187,95482,1.0
188,96124,0.0
189,93725,5.8
190,95640,0.1
191,95640,0.1
192,93010,2.5
193,93428,1.1
194,95124,5.4
195,95682,2.1
196,95709,1.3
197,94506,0.8
198,95008,7.3
199,93265,0.0
200,91906,0.7
201,92058,1.9
202,92058,1.9
203,95922,0.0
204,96015,0.3
205,93608,0.3
206,96137,0.5
207,92587,1.3
208,95010,5.0
209,95984,0.4
210,92008,3.7
211,93923,5.4
212,93924,2.0
213,94923,0.6
214,95608,4.0
215,96140,3.4
216,93013,6.3
217,96094,0.0
218,90745,6.0
219,93549,0.3
220,93609,0.5
221,91320,2.5
222,91941,2.8
223,93429,1.2
224,95420,1.0
225,96016,0.2
226,91384,2.9
227,94507,4.1
228,94546,5.4
229,95012,3.5
230,92234,5.0
231,95306,0.7
232,93430,1.3
233,95421,0.8
234,95945,0.7
235,93265,0.0
236,96104,0.2
237,93657,0.3
238,95307,2.5
239,90703,5.7
240,93514,0.2
241,95919,0.3
242,93035,1.3
243,91724,5.8
244,95965,1.2
245,93263,0.0
246,94541,7.6
247,92223,1.8
248,96020,1.1
249,95928,5.1
250,95667,0.0
251,93555,0.0
252,95327,0.0
253,91710,4.7
254,91709,2.3
255,93610,1.2
256,93925,1.6
257,91910,5.7
258,91702,5.7
259,95610,4.5
260,91711,5.6
261,95612,0.1
262,90012,0.0
263,94517,3.1
264,96137,0.8
265,95422,3.0
266,95423,2.5
267,95451,0.9
268,95437,0.0
269,96106,0.4
270,95930,0.0
271,95425,3.4
272,93612,1.1
273,94520,3.6
274,92236,5.0
275,93210,1.1
276,93614,0.9
277,95426,0.8
278,96091,0.3
279,95973,1.3
280,95335,0.0
281,95335,0.0
282,96107,0.3
283,95713,1.0
284,95912,0.0
285,95220,0.1
286,94014,8.4
287,95613,0.0
288,92324,5.9
289,95310,1.8
290,95932,0.0
291,90040,7.6
292,95427,0.3
293,90221,7.7
294,94520,5.5
295,95965,0.0
296,94597,8.4
297,95228,0.3
298,93212,1.7
299,96021,1.5
300,92879,2.5
301,92118,6.6
302,92882,3.6
303,95076,2.7
304,94925,5.1
305,92626,5.4
306,94931,4.9
307,92679,0.1
308,96022,0.0
309,95311,0.0
310,95204,3.5
311,95615,0.0
312,95428,0.0
313,91723,6.4
314,95358,1.0
315,95531,3.8
316,95934,0.4
317,95312,1.0
318,92021,0.2
319,92325,1.9
320,93432,0.7
321,96106,0.4
322,94525,2.6
323,96103,0.4
324,93546,0.5
325,95313,0.5
326,90201,6.8
327,90232,8.8
328,95014,5.4
329,93615,3.3
330,95503,2.1
331,93254,0.0
332,90630,4.2
333,94014,8.4
334,92629,3.4
335,94526,1.9
336,96101,0.0
337,93522,0.3
338,95017,2.5
339,95616,6.4
340,95003,2.3
341,94574,0.8
342,90250,6.9
343,93215,3.7
344,93618,1.0
345,95315,2.0
346,96122,0.6
347,92014,5.1
348,93953,2.0
349,93616,0.0
350,93940,5.4
351,95356,0.8
352,95316,1.9
353,93224,0.5
354,91916,1.1
355,92239,0.8
356,92241,3.1
357,92240,5.1
358,92260,0.3
359,92274,0.0
360,93551,0.0
361,94528,0.0
362,95363,0.7
363,91765,3.8
364,95619,2.0
365,94929,0.0
366,93618,4.8
367,94505,0.2
368,95620,0.9
369,93514,0.0
370,95935,0.3
371,93517,0.0
372,96145,3.7
373,95223,0.5
374,96023,0.0
375,93620,1.2
376,93620,0.6
377,96024,0.6
378,90241,6.9
379,95936,0.0
380,96109,0.4
381,95699,0.6
382,91010,7.2
383,94568,5.3
384,93218,0.5
385,95937,0.5
386,96025,2.6
387,95938,0.7
388,93268,0.8
389,95714,0.4
390,96110,0.2
391,93219,2.7
392,95127,2.6
393,92544,2.6
394,90022,8.7
395,95659,0.0
396,95361,0.4
397,93706,0.8
398,93647,1.5
399,94303,6.6
400,91107,8.7
401,93257,3.8
402,95971,1.2
403,90221,6.9
404,94805,3.8
405,91775,6.4
406,96137,0.5
407,95370,3.0
408,93274,2.5
409,92880,2.1
410,90604,4.1
411,96094,0.6
412,93203,0.8
413,93401,0.0
414,93524,0.3
415,92020,6.9
416,92243,0.4
417,94530,8.5
418,94530,1.6
419,95762,0.7
420,95442,2.7
421,94019,2.4
422,93532,0.0
423,95939,0.0
424,95624,3.9
425,94478,1.1
426,95625,2.0
427,91731,7.2
428,95317,0.4
429,93446,2.9
430,95318,1.3
431,93247,0.9
432,93036,5.0
433,90245,5.8
434,94803,5.2
435,94803,1.1
436,95476,2.6
437,95626,2.3
438,94062,1.8
439,94608,9.0
440,95357,2.4
441,92024,3.9
442,95320,1.3
443,92025,5.2
444,95627,2.0
445,96027,1.2
446,92040,0.5
447,95501,3.6
448,93221,3.6
449,92067,1.3
450,94930,4.5
451,94533,4.1
452,95564,1.2
453,93610,0.6
454,95628,3.4
455,94541,5.7
456,92028,1.9
457,96028,0.2
458,93223,3.7
459,95230,0.0
460,93224,0.0
461,95018,2.2
462,95536,0.0
463,95476,3.3
464,95629,0.3
465,95519,0.4
466,95537,2.2
467,93015,1.5
468,93622,1.0
469,93623,0.6
470,90001,9.0
471,95828,4.6
472,96111,0.6
473,96029,0.2
474,95630,3.0
475,92335,5.5
476,95842,3.7
477,95941,0.0
478,93268,1.6
479,95631,0.0
480,95247,0.5
481,95942,0.0
482,95436,1.8
483,96112,0.2
484,95437,3.0
485,95531,1.0
486,92310,0.5
487,96032,0.4
488,95540,2.7
489,93730,1.7
490,94404,3.7
491,92708,4.8
492,93625,1.5
493,95757,2.5
494,95757,1.0
495,93225,1.4
496,95076,4.9
497,95832,3.7
498,94538,6.2
499,95231,2.5
500,96033,0.5
501,92563,1.8
502,93721,5.0
503,93626,0.0
504,95128,8.3
505,95828,6.7
506,93307,2.2
507,92832,4.8
508,95439,2.5
509,92328,0.0
510,95632,0.0
511,95542,0.7
512,90247,4.7
513,95215,3.4
514,93422,1.5
515,92843,5.5
516,93454,0.9
517,92240,3.6
518,95543,0.5
519,96034,0.7
520,95634,0.0
521,96035,1.1
522,95441,1.5
523,95020,4.9
524,91204,6.9
525,91741,5.1
526,95442,1.6
527,93561,0.0
528,96122,0.5
529,95670,4.2
530,93117,5.4
531,93926,2.1
532,92570,3.2
533,95944,0.0
534,93291,3.9
535,96103,0.4
536,92313,4.3
537,93230,1.2
538,95746,0.4
539,92019,2.7
540,95959,0.6
541,95945,3.1
542,95444,1.7
543,95363,0.7
544,95311,0.3
545,93312,2.8
546,92545,1.7
547,93927,3.9
548,93927,2.1
549,95971,0.4
550,91390,0.1
551,91390,0.7
552,96037,0.4
553,95947,0.6
554,96038,0.7
555,95948,1.2
556,95950,0.0
557,95636,0.0
558,95321,0.7
559,93433,5.0
560,93434,4.8
561,95446,1.8
562,95637,0.9
563,95322,1.1
564,91745,4.9
565,94019,2.6
566,96137,0.5
567,95951,0.0
568,93230,4.0
569,96039,0.4
570,92019,1.5
571,93230,0.5
572,93603,0.7
573,95688,0.8
574,91384,1.8
575,96040,0.2
576,90716,7.2
577,90250,7.3
578,96041,0.4
579,94541,7.4
580,95448,2.9
581,92249,0.0
582,92543,3.9
583,95638,0.0
584,94547,5.4
585,96113,0.4
586,90254,6.4
587,92345,2.4
588,95323,0.5
589,91302,2.0
590,92026,0.0
591,95467,0.9
592,92507,4.4
593,92346,5.8
594,94402,3.5
595,94010,2.1
596,95324,0.0
597,95531,0.5
598,95023,2.7
599,92250,0.0
600,93230,3.4
601,92879,5.3
602,92548,2.9
603,94941,0.4
604,93499,0.3
605,95966,0.6
606,95639,0.9
607,95546,0.0
608,95449,0.9
609,96044,0.4
610,95325,0.0
611,95326,1.0
612,95503,2.2
613,92648,4.4
614,90255,7.9
615,93234,1.2
616,96046,0.4
617,95547,0.0
618,92549,0.0
619,92549,0.0
620,92251,0.0
621,91932,6.7
622,93526,0.4
623,95934,0.4
624,95503,0.8
625,92210,4.9
626,92201,3.7
627,92241,0.2
628,91745,5.8
629,90301,7.7
630,95076,3.5
631,94937,1.5
632,93527,0.5
633,95640,0.5
634,96122,0.6
635,92606,3.6
636,91706,7.0
637,93117,5.5
638,95641,0.8
639,93235,3.2
640,95642,1.8
641,91934,0.4
642,95327,1.8
643,91935,1.5
644,96114,0.5
645,95450,0.4
646,93528,0.0
647,96130,0.5
648,96103,0.4
649,92252,1.1
650,92036,0.5
651,96048,0.5
652,93529,0.5
653,92509,3.6
654,95971,0.4
655,93530,0.3
656,93531,0.7
657,95966,1.1
658,95451,1.2
659,95206,4.6
660,93527,0.0
661,91056,7.0
662,94904,4.9
663,95452,2.5
664,93630,0.1
665,93238,1.3
666,96001,0.0
667,93239,0.7
668,95328,2.2
669,93930,2.8
670,96143,4.6
671,93631,0.7
672,96161,0.6
673,96120,0.2
674,95548,0.8
675,94548,1.6
676,95645,0.6
677,91011,3.8
678,91214,4.2
679,94028,1.4
680,90056,7.7
681,92694,0.2
682,94549,4.6
683,92651,3.8
684,92653,4.1
685,92677,2.8
686,92637,4.0
687,94933,2.4
688,90631,5.0
689,90631,0.5
690,94020,0.0
691,96137,0.0
692,96137,0.5
693,96020,0.5
694,92352,1.3
695,96022,0.0
696,95959,0.2
697,96122,0.4
698,95329,0.0
699,92530,2.1
700,92630,3.1
701,96051,0.0
702,93532,0.3
703,93240,2.2
704,92530,2.4
705,93591,0.0
706,92570,1.3
707,93446,0.4
708,95602,0.6
709,93225,1.0
710,95453,3.1
711,92536,0.0
712,92078,2.4
713,91361,0.2
714,92040,3.0
715,92567,0.0
716,95946,0.5
717,90712,6.7
718,91942,7.9
719,90604,4.2
720,93241,2.4
721,93656,0.4
722,93534,0.9
723,90623,4.4
724,95981,0.0
725,91977,4.8
726,91744,6.4
727,92253,3.9
728,95826,7.7
729,95403,3.2
730,94939,5.8
731,95076,0.5
732,92688,0.3
733,92688,1.1
734,95076,1.9
735,95330,1.9
736,93242,1.1
737,91750,4.9
738,93637,0.3
739,90260,7.8
740,95454,0.7
741,93243,1.0
742,93541,0.4
743,95585,0.4
744,95333,1.3
745,93286,0.9
746,91945,7.9
747,95824,6.8
748,93245,4.2
749,93245,1.6
750,90304,8.5
751,92311,2.7
752,93551,0.0
753,96052,0.5
754,95033,0.0
755,96116,0.2
756,95648,1.4
757,95207,3.3
758,95901,4.3
759,93221,0.5
760,95236,0.0
761,93247,2.6
762,93292,2.5
763,96117,0.4
764,95981,0.0
765,95456,0.5
766,93543,0.3
767,96056,0.0
768,95953,5.5
769,95953,0.9
770,94550,4.3
771,95334,2.0
772,95237,0.0
773,93932,0.6
774,95240,4.3
775,95979,0.0
776,95551,0.9
777,92350,6.5
778,94060,0.0
779,95901,0.4
780,90717,6.0
781,95018,1.0
782,93436,3.2
783,93618,1.6
784,93545,0.4
785,95335,0.0
786,90802,8.0
787,96054,0.2
788,95650,0.5
789,90720,5.2
790,93440,0.7
791,94022,4.8
792,94022,3.1
793,90012,7.7
794,93635,1.0
795,93420,0.8
796,95032,3.7
797,96055,1.3
798,93441,0.0
799,93402,2.1
800,93401,0.0
801,93249,0.5
802,95457,1.1
803,96118,0.0
804,94024,0.6
805,94903,3.3
806,95458,1.8
807,92356,0.8
808,90262,7.7
809,92358,0.0
810,96122,0.6
811,96056,0.2
812,95652,7.6
813,93260,0.0
814,96057,0.5
815,96058,0.0
816,93250,1.0
817,93546,0.5
818,95519,1.7
819,93251,0.5
820,95369,0.9
821,93637,2.1
822,93638,1.9
823,95653,1.1
824,95526,0.0
825,95954,1.4
826,93725,1.9
827,90265,3.1
828,93546,6.6
829,95459,0.3
830,90266,5.6
831,95521,1.2
832,95336,0.8
833,96059,0.0
834,92518,3.9
835,93252,0.0
836,93933,5.3
837,90292,7.6
838,94965,6.7
839,95338,1.0
840,96120,0.0
841,95642,1.4
842,94553,4.8
843,95901,3.7
844,93274,2.2
845,95655,0.7
846,95955,0.0
847,93307,6.2
848,91006,7.1
849,90270,6.5
850,92570,2.4
851,95956,0.0
852,95722,0.0
853,92570,2.8
854,92254,4.6
855,93023,1.0
856,95460,1.5
857,93640,0.9
858,92586,2.7
859,94025,6.4
860,92359,4.9
861,95340,4.7
862,95957,0.0
863,93514,0.0
864,92225,0.8
865,96120,0.0
866,93313,0.0
867,93263,0.0
868,95461,1.3
869,95345,1.0
870,92655,5.9
871,96121,0.4
872,94030,6.0
873,94941,4.8
874,96062,0.0
875,95035,6.7
876,96063,0.0
877,93657,0.0
878,93023,2.3
879,95553,0.8
880,93105,1.0
881,91345,1.8
882,92692,3.2
883,95346,0.9
884,95354,5.2
885,96103,0.4
886,93501,1.1
887,95245,0.5
888,93725,0.0
889,93541,0.4
890,95370,1.2
891,91016,5.6
892,93618,0.5
893,96064,0.5
894,94806,6.3
895,94037,2.1
896,91763,6.8
897,90640,2.8
898,93108,3.3
899,93940,6.4
900,98029,7.0
901,95307,1.3
902,95462,2.0
903,95030,2.6
904,96065,0.4
905,95695,1.2
906,93021,4.1
907,95212,0.6
908,94556,2.5
909,92557,4.4
910,95037,4.9
911,92256,0.6
912,93442,3.3
913,94558,0.0
914,94038,2.8
915,95039,2.3
916,92561,0.0
917,96003,0.0
918,95391,0.0
919,93240,1.6
920,95246,0.5
921,94041,4.6
922,94041,7.7
923,92392,3.7
924,96058,0.0
925,95018,4.0
926,91948,0.4
927,96067,1.8
928,94965,1.3
929,95247,0.8
930,92562,2.6
931,92407,4.0
932,95554,0.8
933,95501,2.7
934,94558,4.6
935,91950,7.9
936,92363,2.7
937,95959,2.2
938,94560,5.2
939,95658,0.0
940,93254,0.0
941,96134,0.2
942,95360,1.4
943,97635,0.0
944,92663,3.9
945,94946,0.0
946,95464,2.1
947,95659,0.0
948,92257,0.0
949,93601,0.0
950,93444,0.4
951,92860,1.6
952,95973,0.1
953,94583,2.3
954,95603,2.6
955,93523,0.4
956,91006,6.9
957,94025,6.6
958,95833,0.0
959,95660,5.2
960,95453,2.2
961,94801,5.1
962,95960,0.0
963,92254,1.5
964,92705,2.8
965,90650,7.2
966,94945,4.9
967,96068,0.2
968,92567,1.0
969,95361,1.5
970,92399,0.0
971,92344,1.7
972,93644,0.8
973,94612,8.3
974,94561,4.4
975,91377,0.0
976,93426,0.0
977,93023,2.9
978,94558,1.4
979,92274,1.5
980,95465,1.0
981,93445,3.2
982,92054,5.9
983,92259,0.0
984,93308,5.0
985,93023,1.9
986,93549,0.3
987,93704,6.0
988,96071,0.2
989,95961,3.4
990,91761,5.0
991,93255,0.6
992,92866,5.1
993,93646,1.0
994,95662,2.3
995,93455,2.9
996,95555,0.7
997,94563,4.2
998,95963,0.0
999,93647,2.8
1000,95965,3.1
1001,95966,1.2
1002,93030,5.5
1003,94553,5.5
1004,94044,5.1
1005,93950,5.3
1006,95076,2.3
1007,95076,1.4
1008,92059,0.9
1009,95968,0.8
1010,93550,0.3
1011,92260,3.4
1012,92262,5.5
1013,94301,7.1
1014,96073,0.0
1015,90274,3.4
1016,92266,0.6
1017,93260,0.0
1018,95969,1.8
1019,95969,0.5
1020,95060,4.6
1021,90723,6.8
1022,95358,3.7
1023,93638,0.8
1024,95823,6.6
1025,93637,0.4
1026,93648,1.0
1027,91101,8.3
1028,95060,4.6
1029,96074,0.2
1030,95363,1.9
1031,93291,1.7
1032,96113,0.4
1033,95971,0.4
1034,96075,0.0
1035,93527,0.3
1036,94951,2.9
1037,95946,1.2
1038,95650,0.0
1039,92570,3.8
1040,94060,0.6
1041,94952,4.6
1042,95236,0.0
1043,92371,0.6
1044,95559,0.8
1045,95466,0.3
1046,94904,0.9
1047,90660,3.9
1048,94611,6.6
1049,93265,0.0
1050,95960,0.0
1051,93930,0.6
1052,93207,0.0
1053,95665,0.9
1054,95503,1.1
1055,93225,0.4
1056,95321,0.7
1057,91962,0.5
1058,94564,5.9
1059,92372,0.5
1060,95666,0.8
1061,93040,0.0
1062,93449,3.0
1063,94565,7.5
1064,93256,1.5
1065,92870,4.3
1066,95667,2.9
1067,93267,1.0
1068,95365,1.6
1069,94523,5.2
1070,94566,4.9
1071,95062,5.1
1072,96103,0.4
1073,95961,0.4
1074,95669,0.6
1075,95468,0.5
1076,94956,2.0
1077,95726,2.1
1078,91766,6.0
1079,93265,0.0
1080,93257,1.4
1081,94569,1.2
1082,93257,4.7
1083,93041,4.4
1084,96122,0.7
1085,94028,1.3
1086,93260,0.0
1087,93260,0.0
1088,91963,0.6
1089,95469,0.0
1090,92064,3.1
1091,95923,0.5
1092,95932,0.0
1093,96035,1.0
1094,93907,1.2
1095,93536,0.0
1096,95971,1.1
1097,95972,0.0
1098,95245,0.3
1099,92028,0.4
1100,93652,0.3
1101,92065,1.1
1102,95252,0.8
1103,95670,6.5
1104,91730,5.1
1105,92270,3.6
1106,95683,0.3
1107,90275,4.5
1108,92019,2.9
1109,92091,2.8
1110,92688,1.4
1111,96021,0.2
1112,93554,0.0
1113,96080,2.5
1114,95666,0.8
1115,95569,1.0
1116,96001,2.8
1117,92373,4.2
1118,90277,6.6
1119,95560,1.2
1120,94063,5.7
1121,95470,1.0
1122,93654,2.2
1123,94549,1.1
1124,92376,6.0
1125,96021,0.7
1126,93261,1.5
1127,94801,7.2
1128,95974,0.0
1129,93555,0.5
1130,95023,0.0
1131,95562,2.8
1132,95003,3.8
1133,95673,2.6
1134,95674,0.0
1135,94571,1.8
1136,92225,0.5
1137,95366,0.7
1138,95367,2.1
1139,93656,0.5
1140,95358,0.5
1141,95675,0.3
1142,92522,5.2
1143,95676,0.4
1144,95966,0.0
1145,95677,2.5
1146,94572,4.2
1147,93215,1.0
1148,94928,4.1
1149,90274,2.3
1150,90274,0.6
1151,90274,4.5
1152,94806,7.7
1153,92585,2.1
1154,93560,0.8
1155,93312,1.6
1156,90601,5.0
1157,95407,5.0
1158,91770,6.3
1159,95826,6.5
1160,95678,3.2
1161,94957,4.3
1162,90720,3.1
1163,95975,1.0
1164,96084,0.4
1165,93514,0.0
1166,95351,5.4
1167,91748,3.9
1168,92382,1.6
1169,95552,0.0
1170,94573,1.4
1171,95814,6.3
1172,94574,2.4
1173,95368,1.7
1174,93901,5.3
1175,94923,0.5
1176,92274,0.0
1177,92274,0.0
1178,95564,1.2
1179,95249,1.0
1180,94960,5.6
1181,91784,0.0
1182,93450,0.6
1183,92401,6.7
1184,94066,6.7
1185,93001,5.2
1186,94070,5.9
1187,92672,2.7
1188,93955,7.2
1189,92101,6.0
1190,92065,0.0
1191,91773,3.4
1192,91340,7.8
1193,94103,9.6
1194,91776,6.0
1195,93657,0.9
1196,94963,1.7
1197,92583,3.3
1198,93660,0.0
1199,95113,7.0
1200,95045,0.6
1201,92675,3.7
1202,94577,7.7
1203,94580,6.2
1204,93954,0.9
1205,93401,5.4
1206,92069,4.8
1207,91108,5.6
1208,95046,2.9
1209,94401,7.2
1210,93451,2.8
1211,93451,1.7
1212,94806,7.4
1213,92027,7.2
1214,94901,5.4
1215,94583,3.0
1216,93452,0.5
1217,92701,6.6
1218,93101,6.4
1219,95050,7.0
1220,91321,5.0
1221,95060,7.0
1222,90670,5.6
1223,93422,1.5
1224,93454,4.3
1225,90401,8.6
1226,95322,0.0
1227,93060,1.1
1228,95401,4.6
1229,93012,0.9
1230,93063,2.9
1231,94903,3.3
1232,93460,0.0
1233,92071,3.7
1234,94595,5.0
1235,95070,3.6
1236,93004,4.0
1237,96124,0.0
1238,94965,7.5
1239,95565,1.0
1240,95066,4.4
1241,93001,4.4
1242,90740,4.0
1243,95480,0.5
1244,93562,0.0
1245,93955,6.2
1246,95472,3.1
1247,92273,0.0
1248,93662,0.7
1249,93265,0.0
1250,94923,0.6
1251,93292,1.1
1252,93263,0.6
1253,93461,0.0
1254,96087,0.1
1255,96019,1.7
1256,93664,0.0
1257,94596,4.4
1258,95589,0.5
1259,95681,0.0
1260,95682,1.5
1261,96088,0.0
1262,92384,0.0
1263,96118,0.0
1264,96125,0.0
1265,91024,4.0
1266,95346,0.9
1267,96126,0.0
1268,90755,8.0
1269,94558,0.0
1270,93271,0.7
1271,92342,1.7
1272,93065,3.5
1273,93454,0.9
1274,92241,0.4
1275,94960,3.5
1276,95977,1.1
1277,93263,0.0
1278,95567,0.9
1279,95369,0.0
1280,95451,1.0
1281,95728,0.6
1282,92075,5.9
1283,93960,2.0
1284,93463,1.2
1285,95476,3.3
1286,95370,3.1
1287,95073,5.5
1288,95372,1.3
1289,93665,0.6
1290,91733,5.8
1291,90280,7.3
1292,96150,2.8
1293,91016,7.4
1294,95966,2.1
1295,91030,8.5
1296,94080,7.7
1297,91770,2.9
1298,91744,5.7
1299,93268,0.6
1300,90605,2.8
1301,96130,0.3
1302,93908,3.6
1303,95971,0.4
1304,91977,0.5
1305,91977,4.3
1306,92395,1.7
1307,93265,1.0
1308,96146,0.0
1309,93240,0.9
1310,93561,0.0
1311,94305,7.7
1312,90680,5.5
1313,91381,4.9
1314,95374,0.0
1315,94970,1.1
1316,95978,0.6
1317,95202,4.2
1318,95979,0.0
1319,95915,0.4
1320,93266,1.6
1321,93267,3.2
1322,95375,6.0
1323,95375,0.0
1324,93260,0.0
1325,96007,0.0
1326,93260,0.0
1327,94585,4.7
1328,93666,1.6
1329,93067,4.3
1330,93727,4.0
1331,96145,3.1
1332,93546,0.5
1333,94087,7.2
1334,94586,1.1
1335,93543,0.1
1336,96130,2.5
1337,95982,0.0
1338,95685,1.2
1339,93514,0.5
1340,93268,1.1
1341,93268,0.3
1342,95206,3.9
1343,96148,2.8
1344,96142,1.8
1345,95482,0.0
1346,94941,3.6
1347,94806,6.3
1348,93727,2.7
1349,95983,0.4
1350,92389,0.0
1351,93561,0.9
1352,95963,0.8
1353,92590,2.2
1354,95476,2.0
1355,92883,0.8
1356,91780,5.9
1357,93465,1.8
1358,96058,0.5
1359,95242,0.6
1360,93270,1.3
1361,93256,1.1
1362,92274,2.1
1363,95965,1.8
1364,95686,0.0
1365,91362,2.5
1366,92276,2.9
1367,93271,1.1
1368,93608,0.0
1369,94920,4.3
1370,95450,0.4
1371,93272,3.0
1372,95915,0.4
1373,94971,0.0
1374,93247,0.0
1375,93221,0.0
1376,90290,0.8
1377,96133,0.3
1378,93013,4.3
1379,90503,6.1
1380,95376,3.3
1381,93668,0.0
1382,93631,0.7
1383,95023,0.0
1384,95570,1.1
1385,96091,0.3
1386,95527,0.4
1387,93562,0.3
1388,95659,0.0
1389,96161,2.0
1390,93274,5.4
1391,96134,0.2
1392,95379,1.7
1393,93276,0.5
1394,95380,4.3
1395,92780,4.8
1396,95340,1.0
1397,95370,0.8
1398,95984,0.4
1399,95383,1.5
1400,92277,2.3
1401,93546,5.2
1402,95482,4.0
1403,94587,7.1
1404,95616,6.6
1405,95340,2.3
1406,91786,5.8
1407,95485,1.6
1408,95688,4.9
1409,91744,6.1
1410,95251,0.7
1411,94590,5.0
1412,92544,3.0
1413,93268,0.8
1414,92082,1.5
1415,94972,0.0
1416,95361,0.0
1417,96106,0.4
1418,95252,0.5
1419,93562,0.3
1420,91384,2.3
1421,93437,1.0
1422,93436,2.1
1423,96111,0.0
1424,90058,8.4
1425,95240,0.1
1426,92395,3.8
1427,90043,7.0
1428,92861,1.4
1429,96092,0.5
1430,91722,4.8
1431,94553,3.7
1432,95829,1.3
1433,93291,6.5
1434,92083,6.1
1435,92274,0.8
1436,95689,0.8
1437,93635,0.5
1438,96107,0.3
1439,95252,0.5
1440,91789,5.3
1441,94596,4.7
1442,95690,0.1
1443,90255,8.5
1444,94539,2.9
1445,96020,0.5
1446,93280,2.2
1447,95986,0.6
1448,95386,1.3
1449,95215,0.0
1450,95076,6.1
1451,93274,0.3
1452,95389,0.6
1453,96093,1.2
1454,96094,1.8
1455,93241,1.9
1456,93283,1.3
1457,95571,0.8
1458,90044,8.5
1459,93514,0.0
1460,90502,6.6
1461,91790,6.3
1462,93291,1.3
1463,95570,1.3
1464,90046,8.7
1465,91362,3.8
1466,95363,0.7
1467,94025,2.8
1468,92683,5.7
1469,95358,5.6
1470,90047,8.4
1471,92281,0.0
1472,93706,0.0
1473,95255,0.5
1474,91746,6.6
1475,90248,8.1
1476,95691,4.4
1477,90404,0.3
1478,90606,2.9
1479,96137,0.8
1480,95692,0.4
1481,96106,0.4
1482,92282,0.7
1483,93446,0.0
1484,90601,3.0
1485,92595,1.9
1486,93514,0.4
1487,95987,0.0
1488,95490,3.2
1489,90059,8.4
1490,95573,0.5
1491,95988,0.0
1492,93628,0.7
1493,95693,0.0
1494,92596,2.0
1495,95492,3.5
1496,92040,3.8
1497,92283,1.4
1498,95694,1.7
1499,95388,3.0
1500,93285,1.1
1501,94973,2.7
1502,95258,0.3
1503,92504,2.8
1504,93286,3.3
1505,95695,4.7
1506,95695,1.1
1507,94062,1.9
1508,93274,1.1
1509,92397,0.3
1510,95965,0.0
1511,93670,1.3
1512,95697,0.6
1513,92886,0.8
1514,93614,0.7
1515,95389,1.3
1516,94599,4.0
1517,96097,1.7
1518,95991,3.7
1519,92399,4.1
1520,92284,2.0
1521,95018,1.5
